{
	"miniprogramRoot": "miniprogram/",
	"cloudfunctionRoot": "cloudfunctions/",
	"setting": {
		"urlCheck": false,
		"es6": true,
		"postcss": true,
		"minified": true,
		"newFeature": true,
		"autoAudits": false,
		"checkInvalidKey": true
	},
	"appid": "wx74f1303be957190b",
	"projectname": "CJRXHAlbum",
	"libVersion": "2.7.4",
	"simulatorType": "wechat",
	"simulatorPluginLibVersion": {},
	"cloudfunctionTemplateRoot": "cloudfunctionTemplate",
	"condition": {
		"search": {
			"current": -1,
			"list": []
		},
		"conversation": {
			"current": -1,
			"list": []
		},
		"plugin": {
			"current": -1,
			"list": []
		},
		"game": {
			"list": []
		},
		"miniprogram": {
			"current": 4,
			"list": [
				{
					"id": -1,
					"name": "上传图片",
					"pathName": "pages/uploadphoto/uploadphoto",
					"query": "",
					"scene": null
				},
				{
					"id": -1,
					"name": "授权",
					"pathName": "pages/index/index",
					"query": "",
					"scene": null
				},
				{
					"id": -1,
					"name": "图片列表",
					"pathName": "pages/photolist/photolist",
					"query": "",
					"scene": null
				},
				{
					"id": -1,
					"name": "更多展示",
					"pathName": "pages/morephoto/morephoto",
					"scene": null
				}
			]
		}
	}
}